캠페인,브랜드,모델,연식,부품계통,리콜월,12개월판정,최근경보월,선행개월,잠재대상대수
20V213000,HYUNDAI,NEXO,2020,ELECTRICAL_BATTERY,2020-04,미탐지,,,11870
20V213000,HYUNDAI,SONATA,2020,ELECTRICAL_BATTERY,2020-04,미탐지,,,11870
20V750000,KIA,FORTE KOUP,2015,ENGINE_FUEL,2020-12,미탐지,,,294756
20V750000,KIA,SOUL,2015,ENGINE_FUEL,2020-12,탐지,2020-10,2.0,294756
20V750000,KIA,FORTE,2015,ENGINE_FUEL,2020-12,탐지,2020-08,4.0,294756
20V022000,HYUNDAI,KONA,2020,OTHER,2020-01,미탐지,,,477
20V122000,HYUNDAI,SONATA,2020,OTHER,2020-02,미탐지,,,5044
20V248000,HYUNDAI,GENESIS COUPE,2016,AIRBAG_SEATBELT,2020-05,미탐지,,,1295
20V436000,KIA,TELLURIDE,2020,OTHER,2020-07,미탐지,,,86921
20V436000,KIA,TELLURIDE,2020,BRAKES_STEERING,2020-07,미탐지,,,86921
20V436000,KIA,TELLURIDE,2020,ELECTRICAL_BATTERY,2020-07,미탐지,,,86921
20V518000,KIA,STINGER,2018,BRAKES_STEERING,2020-08,미탐지,,,28200
20V518000,KIA,STINGER,2019,BRAKES_STEERING,2020-08,미탐지,,,28200
20V518000,KIA,STINGER,2020,BRAKES_STEERING,2020-08,미탐지,,,28200
20V518000,KIA,STINGER,2021,BRAKES_STEERING,2020-08,미탐지,,,28200
20V389000,KIA,SOUL EV,2015,ELECTRICAL_BATTERY,2020-07,미탐지,,,3714
20V389000,KIA,SOUL EV,2015,ENGINE_FUEL,2020-07,미탐지,,,3714
20V389000,KIA,SOUL EV,2016,ELECTRICAL_BATTERY,2020-07,미탐지,,,3714
20V389000,KIA,SOUL EV,2016,ENGINE_FUEL,2020-07,미탐지,,,3714
20V422000,KIA,STINGER,2020,BRAKES_STEERING,2020-07,미탐지,,,104
20V459000,KIA,FORTE,2019,ENGINE_FUEL,2020-08,미탐지,,,834
20V520000,HYUNDAI,SANTA FE SPORT,2015,BRAKES_STEERING,2020-08,미탐지,,,151205
20V560000,KIA,STINGER,2020,ENGINE_FUEL,2020-09,미탐지,,,635
20V560000,KIA,STINGER,2021,ENGINE_FUEL,2020-09,미탐지,,,635
20V447000,HYUNDAI,GENESIS G70,2020,BRAKES_STEERING,2020-07,미탐지,,,2
20V519000,KIA,SORENTO,2015,BRAKES_STEERING,2020-08,미탐지,,,440370
20V519000,KIA,OPTIMA,2015,BRAKES_STEERING,2020-08,탐지,2020-03,5.0,440370
20V543000,HYUNDAI,TUCSON,2018,BRAKES_STEERING,2020-09,미탐지,,,652024
20V543000,HYUNDAI,TUCSON,2019,BRAKES_STEERING,2020-09,미탐지,,,652024
20V543000,HYUNDAI,TUCSON,2020,BRAKES_STEERING,2020-09,미탐지,,,652024
20V543000,HYUNDAI,TUCSON,2021,BRAKES_STEERING,2020-09,미탐지,,,652024
20V543000,HYUNDAI,TUCSON,2016,BRAKES_STEERING,2020-09,미탐지,,,652024
20V543000,HYUNDAI,TUCSON,2017,BRAKES_STEERING,2020-09,미탐지,,,652024
20V399000,KIA,SEDONA,2020,ELECTRICAL_BATTERY,2020-07,미탐지,,,5385
20V748000,HYUNDAI,KONA ELECTRIC,2021,BRAKES_STEERING,2020-12,미탐지,,,8176
20V746000,HYUNDAI,SONATA HYBRID,2016,ENGINE_FUEL,2020-12,미탐지,,,128948
20V746000,HYUNDAI,VELOSTER,2015,ENGINE_FUEL,2020-12,미탐지,,,128948
20V746000,HYUNDAI,VELOSTER,2016,ENGINE_FUEL,2020-12,미탐지,,,128948
20V748000,HYUNDAI,KONA ELECTRIC,2019,BRAKES_STEERING,2020-12,미탐지,,,8176
20V748000,HYUNDAI,KONA ELECTRIC,2020,BRAKES_STEERING,2020-12,미탐지,,,8176
20V748000,HYUNDAI,NEXO,2019,BRAKES_STEERING,2020-12,미탐지,,,8176
20V748000,HYUNDAI,NEXO,2020,BRAKES_STEERING,2020-12,미탐지,,,8176
20V630000,HYUNDAI,KONA ELECTRIC,2019,ELECTRICAL_BATTERY,2020-10,미탐지,,,6707
20V630000,HYUNDAI,KONA ELECTRIC,2020,ELECTRICAL_BATTERY,2020-10,미탐지,,,6707
21V796000,HYUNDAI,VENUE,2021,AIRBAG_SEATBELT,2021-10,미탐지,,,978
21V796000,HYUNDAI,ELANTRA HYBRID,2021,AIRBAG_SEATBELT,2021-10,미탐지,,,978
21V796000,HYUNDAI,ELANTRA,2021,AIRBAG_SEATBELT,2021-10,미탐지,,,978
21V936000,KIA,RIO,2020,BRAKES_STEERING,2021-12,미탐지,,,87
21V936000,KIA,RIO,2021,BRAKES_STEERING,2021-12,미탐지,,,87
21V944000,HYUNDAI,IONIQ ELECTRIC,2017,ELECTRICAL_BATTERY,2021-12,미탐지,,,2679
21V944000,HYUNDAI,IONIQ ELECTRIC,2018,ELECTRICAL_BATTERY,2021-12,미탐지,,,2679
21V944000,HYUNDAI,IONIQ ELECTRIC,2019,ELECTRICAL_BATTERY,2021-12,미탐지,,,2679
21V524000,HYUNDAI,SANTA FE,2021,ENGINE_FUEL,2021-07,미탐지,,,15752
21V260000,KIA,FORTE,2017,ENGINE_FUEL,2021-04,탐지,2021-02,1.9,4069
21V260000,KIA,FORTE,2018,ENGINE_FUEL,2021-04,탐지,2021-01,3.0,4069
21V619000,HYUNDAI,SONATA,2017,STRUCTURE_LATCH,2021-08,미탐지,,,348158
21V619000,HYUNDAI,SONATA,2018,STRUCTURE_LATCH,2021-08,미탐지,,,348158
21V619000,HYUNDAI,SONATA HYBRID,2016,STRUCTURE_LATCH,2021-08,미탐지,,,348158
21V619000,HYUNDAI,SONATA HYBRID,2017,STRUCTURE_LATCH,2021-08,미탐지,,,348158
21V619000,HYUNDAI,SONATA HYBRID,2018,STRUCTURE_LATCH,2021-08,미탐지,,,348158
21V619000,HYUNDAI,AZERA,2016,STRUCTURE_LATCH,2021-08,미탐지,,,348158
21V619000,HYUNDAI,AZERA,2017,STRUCTURE_LATCH,2021-08,미탐지,,,348158
21V619000,HYUNDAI,ACCENT,2018,STRUCTURE_LATCH,2021-08,미탐지,,,348158
21V619000,HYUNDAI,ACCENT,2019,STRUCTURE_LATCH,2021-08,미탐지,,,348158
21V619000,HYUNDAI,ACCENT,2020,STRUCTURE_LATCH,2021-08,미탐지,,,348158
21V725000,KIA,SEDONA,2015,ELECTRICAL_BATTERY,2021-09,미탐지,,,88576
21V725000,KIA,SEDONA,2015,VISIBILITY_LIGHTING,2021-09,미탐지,,,88576
21V725000,KIA,SEDONA,2016,ELECTRICAL_BATTERY,2021-09,탐지,2020-09,12.0,88576
21V725000,KIA,SEDONA,2016,VISIBILITY_LIGHTING,2021-09,미탐지,,,88576
21V725000,KIA,SEDONA,2017,ELECTRICAL_BATTERY,2021-09,미탐지,,,88576
21V725000,KIA,SEDONA,2017,VISIBILITY_LIGHTING,2021-09,미탐지,,,88576
21V749000,HYUNDAI,SONATA,2017,ELECTRICAL_BATTERY,2021-09,미탐지,,,469377
21V749000,HYUNDAI,SONATA,2017,VISIBILITY_LIGHTING,2021-09,미탐지,,,469377
21V749000,HYUNDAI,SONATA,2016,ELECTRICAL_BATTERY,2021-09,탐지,2021-05,4.0,469377
21V749000,HYUNDAI,SONATA,2016,VISIBILITY_LIGHTING,2021-09,탐지,2021-08,1.0,469377
21V749000,HYUNDAI,SONATA,2015,ELECTRICAL_BATTERY,2021-09,미탐지,,,469377
21V749000,HYUNDAI,SONATA,2015,VISIBILITY_LIGHTING,2021-09,미탐지,,,469377
21V749000,HYUNDAI,SONATA HYBRID,2016,ELECTRICAL_BATTERY,2021-09,미탐지,,,469377
21V749000,HYUNDAI,SONATA HYBRID,2016,VISIBILITY_LIGHTING,2021-09,미탐지,,,469377
21V749000,HYUNDAI,SONATA PLUG IN HYBRID,2017,ELECTRICAL_BATTERY,2021-09,미탐지,,,469377
21V749000,HYUNDAI,SONATA PLUG IN HYBRID,2017,VISIBILITY_LIGHTING,2021-09,미탐지,,,469377
21V749000,HYUNDAI,SONATA HYBRID,2017,ELECTRICAL_BATTERY,2021-09,미탐지,,,469377
21V749000,HYUNDAI,SONATA HYBRID,2017,VISIBILITY_LIGHTING,2021-09,미탐지,,,469377
21V749000,HYUNDAI,SONATA PLUG IN HYBRID,2016,ELECTRICAL_BATTERY,2021-09,미탐지,,,469377
21V749000,HYUNDAI,SONATA PLUG IN HYBRID,2016,VISIBILITY_LIGHTING,2021-09,미탐지,,,469377
21V622000,KIA,RIO,2019,STRUCTURE_LATCH,2021-08,미탐지,,,253074
21V622000,KIA,RIO,2018,STRUCTURE_LATCH,2021-08,미탐지,,,253074
21V622000,KIA,FORTE,2018,STRUCTURE_LATCH,2021-08,미탐지,,,253074
21V622000,KIA,FORTE,2017,STRUCTURE_LATCH,2021-08,미탐지,,,253074
21V622000,KIA,FORTE,2016,STRUCTURE_LATCH,2021-08,미탐지,,,253074
21V185000,HYUNDAI,SANTA FE,2021,AIRBAG_SEATBELT,2021-03,미탐지,,,10
21V127000,HYUNDAI,KONA ELECTRIC,2019,ELECTRICAL_BATTERY,2021-03,미탐지,,,4696
21V127000,HYUNDAI,KONA ELECTRIC,2020,ELECTRICAL_BATTERY,2021-03,미탐지,,,4696
21V127000,HYUNDAI,IONIQ ELECTRIC,2020,ELECTRICAL_BATTERY,2021-03,미탐지,,,4696
21V00M000,HYUNDAI,SANTA FE,2021,VISIBILITY_LIGHTING,2021-12,미탐지,,,26413
21V303000,HYUNDAI,SANTA FE SPORT,2015,BRAKES_STEERING,2021-04,탐지,2020-11,5.0,151205
21V331000,KIA,OPTIMA,2015,BRAKES_STEERING,2021-05,탐지,2021-01,3.9,440370
21V331000,KIA,SORENTO,2015,BRAKES_STEERING,2021-05,탐지,2021-01,3.9,440370
21V137000,KIA,SPORTAGE,2017,BRAKES_STEERING,2021-03,미탐지,,,379931
21V137000,KIA,CADENZA,2017,BRAKES_STEERING,2021-03,미탐지,,,379931
21V137000,KIA,SPORTAGE,2018,BRAKES_STEERING,2021-03,미탐지,,,379931
21V137000,KIA,CADENZA,2018,BRAKES_STEERING,2021-03,미탐지,,,379931
21V137000,KIA,SPORTAGE,2019,BRAKES_STEERING,2021-03,미탐지,,,379931
21V137000,KIA,CADENZA,2019,BRAKES_STEERING,2021-03,미탐지,,,379931
21V137000,KIA,SPORTAGE,2020,BRAKES_STEERING,2021-03,미탐지,,,379931
21V137000,KIA,SPORTAGE,2021,BRAKES_STEERING,2021-03,미탐지,,,379931
21V447000,KIA,K5,2021,BRAKES_STEERING,2021-06,미탐지,,,846
21V447000,KIA,K5,2022,BRAKES_STEERING,2021-06,미탐지,,,846
21V519000,KIA,K5,2022,ENGINE_FUEL,2021-07,미탐지,,,21575
21V519000,KIA,K5,2021,ENGINE_FUEL,2021-07,미탐지,,,21575
21V519000,KIA,SORENTO,2021,ENGINE_FUEL,2021-07,미탐지,,,21575
21V00K000,HYUNDAI,SANTA FE PLUG IN HYBRID,2022,ELECTRICAL_BATTERY,2021-12,미탐지,,,714
21V00K000,HYUNDAI,SANTA FE HYBRID,2022,ELECTRICAL_BATTERY,2021-12,미탐지,,,714
21V277000,KIA,CARNIVAL,2022,ENGINE_FUEL,2021-04,미탐지,,,2744
21V577000,KIA,TELLURIDE,2022,ELECTRICAL_BATTERY,2021-07,미탐지,,,5143
21V259000,KIA,SOUL,2020,ENGINE_FUEL,2021-04,탐지,2020-11,5.0,147249
21V259000,KIA,SELTOS,2021,ENGINE_FUEL,2021-04,탐지,2020-10,6.0,147249
21V259000,KIA,SOUL,2021,ENGINE_FUEL,2021-04,미탐지,,,147249
21V301000,HYUNDAI,KONA,2020,ENGINE_FUEL,2021-04,미탐지,,,158493
21V301000,HYUNDAI,KONA,2021,ENGINE_FUEL,2021-04,미탐지,,,158493
21V301000,HYUNDAI,KONA,2019,ENGINE_FUEL,2021-04,탐지,2020-08,8.0,158493
21V301000,HYUNDAI,VELOSTER,2019,ENGINE_FUEL,2021-04,미탐지,,,158493
21V301000,HYUNDAI,VELOSTER,2021,ENGINE_FUEL,2021-04,미탐지,,,158493
21V301000,HYUNDAI,ELANTRA,2019,ENGINE_FUEL,2021-04,미탐지,,,158493
21V301000,HYUNDAI,ELANTRA,2020,ENGINE_FUEL,2021-04,탐지,2020-12,4.0,158493
21V301000,HYUNDAI,VELOSTER,2020,ENGINE_FUEL,2021-04,미탐지,,,158493
21V00M000,HYUNDAI,SONATA,2021,VISIBILITY_LIGHTING,2021-12,미탐지,,,26413
21V00M000,HYUNDAI,ELANTRA,2021,VISIBILITY_LIGHTING,2021-12,미탐지,,,26413
21V00M000,HYUNDAI,SANTA FE,2020,VISIBILITY_LIGHTING,2021-12,미탐지,,,26413
21V302000,HYUNDAI,ELANTRA,2021,OTHER,2021-04,미탐지,,,1464
21V160000,HYUNDAI,GENESIS,2016,BRAKES_STEERING,2021-03,미탐지,,,94646
21V160000,HYUNDAI,GENESIS,2015,BRAKES_STEERING,2021-03,미탐지,,,94646
21V164000,KIA,K5,2021,AIRBAG_SEATBELT,2021-03,미탐지,,,142
21V164000,KIA,FORTE,2021,AIRBAG_SEATBELT,2021-03,미탐지,,,142
21V164000,KIA,TELLURIDE,2021,AIRBAG_SEATBELT,2021-03,미탐지,,,142
21V308000,HYUNDAI,SANTA FE,2021,ENGINE_FUEL,2021-05,미탐지,,,2
21V524000,HYUNDAI,SONATA,2021,ENGINE_FUEL,2021-07,미탐지,,,15752
21V524000,HYUNDAI,SANTA FE,2022,ENGINE_FUEL,2021-07,미탐지,,,15752
21V524000,HYUNDAI,SONATA,2022,ENGINE_FUEL,2021-07,미탐지,,,15752
21V727000,HYUNDAI,SONATA HYBRID,2017,ENGINE_FUEL,2021-09,미탐지,,,95515
21V727000,HYUNDAI,TUCSON,2017,ENGINE_FUEL,2021-09,탐지,2021-02,7.0,95515
21V844000,KIA,OPTIMA HYBRID,2017,ENGINE_FUEL,2021-10,미탐지,,,10731
21V844000,KIA,OPTIMA HYBRID,2018,ENGINE_FUEL,2021-10,미탐지,,,10731
21V844000,KIA,OPTIMA PHEV,2017,ENGINE_FUEL,2021-10,미탐지,,,10731
21V844000,KIA,OPTIMA PHEV,2018,ENGINE_FUEL,2021-10,미탐지,,,10731
21V937000,HYUNDAI,ACCENT,2021,BRAKES_STEERING,2021-12,미탐지,,,76
21V840000,HYUNDAI,PALISADE,2021,BRAKES_STEERING,2021-10,미탐지,,,995
21V862000,KIA,STINGER,2020,ELECTRICAL_BATTERY,2021-11,미탐지,,,53
21V862000,KIA,STINGER,2021,ELECTRICAL_BATTERY,2021-11,미탐지,,,53
21V908000,KIA,CARNIVAL,2022,STRUCTURE_LATCH,2021-11,미탐지,,,2956
21V938000,HYUNDAI,TUCSON,2022,ELECTRICAL_BATTERY,2021-12,미탐지,,,12
21V938000,HYUNDAI,TUCSON,2022,VISIBILITY_LIGHTING,2021-12,미탐지,,,12
22V022000,KIA,CADENZA,2020,ELECTRICAL_BATTERY,2022-01,미탐지,,,451
22V022000,KIA,CADENZA,2020,VISIBILITY_LIGHTING,2022-01,미탐지,,,451
22V123000,HYUNDAI,ELANTRA,2022,AIRBAG_SEATBELT,2022-03,미탐지,,,140
22V123000,HYUNDAI,ELANTRA HYBRID,2022,AIRBAG_SEATBELT,2022-03,미탐지,,,140
22V127000,KIA,SORENTO HYBRID,2022,AIRBAG_SEATBELT,2022-03,미탐지,,,213
22V127000,KIA,SORENTO PHEV,2022,AIRBAG_SEATBELT,2022-03,미탐지,,,213
22V202000,KIA,SORENTO,2022,ELECTRICAL_BATTERY,2022-03,미탐지,,,26
22V196000,HYUNDAI,SONATA HYBRID,2020,STRUCTURE_LATCH,2022-03,미탐지,,,63461
22V196000,HYUNDAI,SONATA,2020,STRUCTURE_LATCH,2022-03,미탐지,,,63461
22V202000,KIA,SORENTO,2022,ENGINE_FUEL,2022-03,미탐지,,,26
22V228000,HYUNDAI,NEXO,2019,ELECTRICAL_BATTERY,2022-04,미탐지,,,54
22V258000,HYUNDAI,NEXO,2021,ELECTRICAL_BATTERY,2022-04,미탐지,,,922
22V258000,HYUNDAI,NEXO,2021,ENGINE_FUEL,2022-04,미탐지,,,922
22V258000,HYUNDAI,NEXO,2020,ELECTRICAL_BATTERY,2022-04,미탐지,,,922
22V258000,HYUNDAI,NEXO,2020,ENGINE_FUEL,2022-04,미탐지,,,922
22V258000,HYUNDAI,NEXO,2019,ELECTRICAL_BATTERY,2022-04,미탐지,,,922
22V258000,HYUNDAI,NEXO,2019,ENGINE_FUEL,2022-04,미탐지,,,922
22V353000,HYUNDAI,PALISADE,2022,ELECTRICAL_BATTERY,2022-05,미탐지,,,158
22V612000,KIA,SEDONA,2016,ENGINE_FUEL,2022-08,탐지,2022-05,3.0,28065
22V612000,KIA,SORENTO,2016,ENGINE_FUEL,2022-08,탐지,2022-06,2.0,28065
22V626000,KIA,TELLURIDE,2022,OTHER,2022-08,탐지,2022-03,5.0,36417
22V626000,KIA,TELLURIDE,2021,OTHER,2022-08,탐지,2022-05,3.0,36417
22V626000,KIA,TELLURIDE,2020,OTHER,2022-08,탐지,2021-12,8.0,36417
22V632000,HYUNDAI,ELANTRA N,2022,AIRBAG_SEATBELT,2022-08,미탐지,,,247
22V632000,HYUNDAI,ELANTRA,2022,AIRBAG_SEATBELT,2022-08,미탐지,,,247
22V632000,HYUNDAI,ELANTRA,2023,AIRBAG_SEATBELT,2022-08,미탐지,,,247
22V878000,KIA,SPORTAGE,2023,AIRBAG_SEATBELT,2022-11,미탐지,,,76918
22V746000,HYUNDAI,KONA N,2022,ENGINE_FUEL,2022-10,미탐지,,,56148
22V746000,HYUNDAI,VELOSTER N,2022,ENGINE_FUEL,2022-10,미탐지,,,56148
22V746000,HYUNDAI,VELOSTER N,2021,ENGINE_FUEL,2022-10,미탐지,,,56148
22V746000,HYUNDAI,ELANTRA N,2022,ENGINE_FUEL,2022-10,미탐지,,,56148
22V746000,HYUNDAI,SANTA CRUZ,2022,ENGINE_FUEL,2022-10,탐지,2022-04,6.0,56148
22V746000,HYUNDAI,SANTA FE,2021,ENGINE_FUEL,2022-10,탐지,2022-05,5.0,56148
22V746000,HYUNDAI,SANTA FE,2022,ENGINE_FUEL,2022-10,탐지,2022-08,2.0,56148
22V746000,HYUNDAI,SONATA,2022,ENGINE_FUEL,2022-10,미탐지,,,56148
22V746000,HYUNDAI,SONATA,2021,ENGINE_FUEL,2022-10,탐지,2022-09,1.0,56148
22V816000,HYUNDAI,SANTA FE HYBRID,2022,AIRBAG_SEATBELT,2022-10,미탐지,,,14933
22V816000,HYUNDAI,SANTA FE PLUG IN HYBRID,2022,AIRBAG_SEATBELT,2022-10,미탐지,,,14933
22V816000,HYUNDAI,SANTA FE HYBRID,2021,AIRBAG_SEATBELT,2022-10,미탐지,,,14933
22V816000,HYUNDAI,SANTA FE PLUG IN HYBRID,2023,AIRBAG_SEATBELT,2022-10,미탐지,,,14933
22V836000,KIA,NIRO,2017,ELECTRICAL_BATTERY,2022-11,미탐지,,,27030
22V836000,KIA,NIRO,2018,ELECTRICAL_BATTERY,2022-11,미탐지,,,27030
22V941000,HYUNDAI,KONA ELECTRIC,2021,ELECTRICAL_BATTERY,2022-12,미탐지,,,853
22V899000,KIA,NIRO EV,2020,ELECTRICAL_BATTERY,2022-12,미탐지,,,872
22V304000,KIA,FORTE,2022,BRAKES_STEERING,2022-05,미탐지,,,30
22V304000,KIA,RIO,2022,BRAKES_STEERING,2022-05,미탐지,,,30
22V304000,KIA,RIO,2021,BRAKES_STEERING,2022-05,미탐지,,,30
22V304000,KIA,FORTE,2021,BRAKES_STEERING,2022-05,미탐지,,,30
22V311000,HYUNDAI,ACCENT,2022,BRAKES_STEERING,2022-05,미탐지,,,2
22V311000,HYUNDAI,ACCENT,2021,BRAKES_STEERING,2022-05,미탐지,,,2
22V509000,KIA,SORENTO,2022,TIRES_WHEELS,2022-07,미탐지,,,8
22V509000,KIA,TELLURIDE,2022,TIRES_WHEELS,2022-07,미탐지,,,8
22V218000,HYUNDAI,ACCENT,2020,AIRBAG_SEATBELT,2022-04,미탐지,,,6240
22V218000,HYUNDAI,ELANTRA,2022,AIRBAG_SEATBELT,2022-04,미탐지,,,6240
22V218000,HYUNDAI,ELANTRA,2021,AIRBAG_SEATBELT,2022-04,미탐지,,,6240
22V031000,KIA,FORTE KOUP,2017,AIRBAG_SEATBELT,2022-01,미탐지,,,410619
22V031000,KIA,SOUL EV,2019,AIRBAG_SEATBELT,2022-01,미탐지,,,410619
22V031000,KIA,SOUL EV,2018,AIRBAG_SEATBELT,2022-01,미탐지,,,410619
22V031000,KIA,SEDONA,2019,AIRBAG_SEATBELT,2022-01,미탐지,,,410619
22V031000,KIA,SOUL,2019,AIRBAG_SEATBELT,2022-01,미탐지,,,410619
22V031000,KIA,SEDONA,2018,AIRBAG_SEATBELT,2022-01,미탐지,,,410619
22V031000,KIA,SOUL,2018,AIRBAG_SEATBELT,2022-01,미탐지,,,410619
22V031000,KIA,FORTE,2018,AIRBAG_SEATBELT,2022-01,미탐지,,,410619
22V031000,KIA,SOUL EV,2017,AIRBAG_SEATBELT,2022-01,미탐지,,,410619
22V031000,KIA,SEDONA,2017,AIRBAG_SEATBELT,2022-01,미탐지,,,410619
22V031000,KIA,SOUL,2017,AIRBAG_SEATBELT,2022-01,미탐지,,,410619
22V031000,KIA,FORTE,2017,AIRBAG_SEATBELT,2022-01,탐지,2021-04,9.0,410619
22V051000,KIA,SPORTAGE,2015,BRAKES_STEERING,2022-02,미탐지,,,126747
22V051000,KIA,K900,2016,BRAKES_STEERING,2022-02,미탐지,,,126747
22V051000,KIA,SPORTAGE,2016,BRAKES_STEERING,2022-02,미탐지,,,126747
22V051000,KIA,K900,2017,BRAKES_STEERING,2022-02,미탐지,,,126747
22V051000,KIA,K900,2018,BRAKES_STEERING,2022-02,미탐지,,,126747
22V056000,HYUNDAI,SANTA FE,2017,BRAKES_STEERING,2022-02,미탐지,,,357348
22V056000,HYUNDAI,SANTA FE SPORT,2017,BRAKES_STEERING,2022-02,미탐지,,,357348
22V056000,HYUNDAI,SANTA FE,2018,BRAKES_STEERING,2022-02,미탐지,,,357348
22V056000,HYUNDAI,SANTA FE SPORT,2018,BRAKES_STEERING,2022-02,미탐지,,,357348
22V056000,HYUNDAI,SANTA FE XL,2019,BRAKES_STEERING,2022-02,미탐지,,,357348
22V056000,HYUNDAI,SANTA FE,2016,BRAKES_STEERING,2022-02,미탐지,,,357348
22V056000,HYUNDAI,TUCSON,2015,BRAKES_STEERING,2022-02,미탐지,,,357348
22V069000,HYUNDAI,ACCENT,2021,AIRBAG_SEATBELT,2022-02,미탐지,,,354
22V069000,HYUNDAI,ACCENT,2020,AIRBAG_SEATBELT,2022-02,미탐지,,,354
22V158000,KIA,CADENZA,2016,VISIBILITY_LIGHTING,2022-03,미탐지,,,30362
22V158000,KIA,CADENZA,2015,VISIBILITY_LIGHTING,2022-03,미탐지,,,30362
22V322000,KIA,EV6,2022,BRAKES_STEERING,2022-05,미탐지,,,9014
22V760000,KIA,K5,2021,ENGINE_FUEL,2022-10,미탐지,,,69038
22V760000,KIA,SORENTO,2021,ENGINE_FUEL,2022-10,탐지,2022-09,1.0,69038
22V760000,KIA,K5,2022,ENGINE_FUEL,2022-10,미탐지,,,69038
22V760000,KIA,SORENTO,2022,ENGINE_FUEL,2022-10,탐지,2022-08,2.0,69038
22V760000,KIA,K5,2023,ENGINE_FUEL,2022-10,탐지,2022-09,1.0,69038
22V459000,HYUNDAI,IONIQ HYBRID,2018,ELECTRICAL_BATTERY,2022-06,미탐지,,,10575
22V459000,HYUNDAI,IONIQ HYBRID,2017,ELECTRICAL_BATTERY,2022-06,미탐지,,,10575
22V459000,HYUNDAI,IONIQ PLUG IN HYBRID,2018,ELECTRICAL_BATTERY,2022-06,미탐지,,,10575
22V459000,HYUNDAI,IONIQ PLUG IN HYBRID,2017,ELECTRICAL_BATTERY,2022-06,미탐지,,,10575
22V905000,HYUNDAI,REEFER TRAILER,2021,BRAKES_STEERING,2022-12,미탐지,,,39
22V905000,HYUNDAI,DRY VAN TRAILER,2020,BRAKES_STEERING,2022-12,미탐지,,,39
22V905000,HYUNDAI,DRY VAN TRAILER,2021,BRAKES_STEERING,2022-12,미탐지,,,39
22V905000,HYUNDAI,REEFER TRAILER,2020,BRAKES_STEERING,2022-12,미탐지,,,39
22V906000,KIA,FORTE,2023,BRAKES_STEERING,2022-12,미탐지,,,939
22V633000,HYUNDAI,PALISADE,2022,OTHER,2022-08,미탐지,,,244980
22V633000,HYUNDAI,PALISADE,2021,OTHER,2022-08,탐지,2021-12,8.0,244980
22V633000,HYUNDAI,PALISADE,2020,OTHER,2022-08,탐지,2022-07,1.0,244980
22V651000,KIA,SPORTAGE,2023,ELECTRICAL_BATTERY,2022-08,미탐지,,,19701
22V703000,KIA,SORENTO,2016,OTHER,2022-09,탐지,2022-04,5.0,70887
22V703000,KIA,SPORTAGE,2017,OTHER,2022-09,미탐지,,,70887
22V703000,KIA,SORENTO,2017,OTHER,2022-09,탐지,2022-06,3.0,70887
22V703000,KIA,SORENTO,2018,OTHER,2022-09,미탐지,,,70887
22V703000,KIA,SPORTAGE,2018,OTHER,2022-09,미탐지,,,70887
22V703000,KIA,SORENTO,2019,OTHER,2022-09,미탐지,,,70887
22V703000,KIA,SPORTAGE,2019,OTHER,2022-09,미탐지,,,70887
22V703000,KIA,SPORTAGE,2020,OTHER,2022-09,미탐지,,,70887
22V703000,KIA,SORENTO,2020,OTHER,2022-09,미탐지,,,70887
22V703000,KIA,SPORTAGE,2021,OTHER,2022-09,탐지,2022-01,8.0,70887
22V703000,KIA,SORENTO,2021,OTHER,2022-09,탐지,2022-03,6.0,70887
22V703000,KIA,SORENTO HYBRID,2021,OTHER,2022-09,미탐지,,,70887
22V703000,KIA,SPORTAGE,2022,OTHER,2022-09,탐지,2022-01,8.0,70887
22V703000,KIA,SORENTO,2022,OTHER,2022-09,탐지,2022-08,1.0,70887
22V703000,KIA,SORENTO HYBRID,2022,OTHER,2022-09,미탐지,,,70887
22V703000,KIA,SORENTO HYBRID,2023,OTHER,2022-09,미탐지,,,70887
22V703000,KIA,SORENTO PHEV,2022,OTHER,2022-09,미탐지,,,70887
22V703000,KIA,SORENTO PHEV,2023,OTHER,2022-09,미탐지,,,70887
22V810000,HYUNDAI,SANTA FE SPORT,2018,BRAKES_STEERING,2022-10,탐지,2022-04,6.0,44396
22V197000,HYUNDAI,SANTA CRUZ,2022,ENGINE_FUEL,2022-03,미탐지,,,16
22V197000,HYUNDAI,SANTA CRUZ,2022,ELECTRICAL_BATTERY,2022-03,미탐지,,,16
22V197000,HYUNDAI,SANTA FE,2022,ENGINE_FUEL,2022-03,미탐지,,,16
22V197000,HYUNDAI,SANTA FE,2022,ELECTRICAL_BATTERY,2022-03,미탐지,,,16
22V324000,HYUNDAI,IONIQ 5,2022,BRAKES_STEERING,2022-05,미탐지,,,10729
22V344000,KIA,TELLURIDE,2022,ELECTRICAL_BATTERY,2022-05,탐지,2021-07,10.0,3596
22V354000,HYUNDAI,ELANTRA HYBRID,2022,AIRBAG_SEATBELT,2022-05,미탐지,,,230233
22V354000,HYUNDAI,ELANTRA,2021,AIRBAG_SEATBELT,2022-05,미탐지,,,230233
22V354000,HYUNDAI,ELANTRA,2022,AIRBAG_SEATBELT,2022-05,미탐지,,,230233
22V354000,HYUNDAI,ELANTRA HYBRID,2021,AIRBAG_SEATBELT,2022-05,미탐지,,,230233
22V354000,HYUNDAI,ACCENT,2022,AIRBAG_SEATBELT,2022-05,미탐지,,,230233
22V354000,HYUNDAI,ACCENT,2021,AIRBAG_SEATBELT,2022-05,미탐지,,,230233
22V354000,HYUNDAI,ACCENT,2020,AIRBAG_SEATBELT,2022-05,미탐지,,,230233
22V447000,KIA,SORENTO HYBRID,2022,AIRBAG_SEATBELT,2022-06,미탐지,,,17199
22V447000,KIA,SORENTO HYBRID,2021,AIRBAG_SEATBELT,2022-06,미탐지,,,17199
22V447000,KIA,SORENTO PHEV,2022,AIRBAG_SEATBELT,2022-06,미탐지,,,17199
22V458000,HYUNDAI,VENUE,2022,AIRBAG_SEATBELT,2022-06,미탐지,,,72142
22V458000,HYUNDAI,VENUE,2021,AIRBAG_SEATBELT,2022-06,미탐지,,,72142
22V458000,HYUNDAI,VENUE,2020,AIRBAG_SEATBELT,2022-06,미탐지,,,72142
22V627000,HYUNDAI,PALISADE,2021,VISIBILITY_LIGHTING,2022-08,미탐지,,,122949
22V627000,HYUNDAI,PALISADE,2020,VISIBILITY_LIGHTING,2022-08,미탐지,,,122949
23V180000,HYUNDAI,PALISADE,2023,VISIBILITY_LIGHTING,2023-03,탐지,2022-10,5.0,167085
23V180000,HYUNDAI,PALISADE,2022,VISIBILITY_LIGHTING,2023-03,탐지,2022-12,3.0,167085
23V180000,HYUNDAI,PALISADE,2021,VISIBILITY_LIGHTING,2023-03,탐지,2022-12,3.0,167085
23V218000,KIA,SOUL EV,2016,ELECTRICAL_BATTERY,2023-03,탐지,2023-01,1.9,2689
23V218000,KIA,SOUL EV,2015,ELECTRICAL_BATTERY,2023-03,탐지,2023-01,1.9,2689
23V410000,KIA,SPORTAGE,2023,BRAKES_STEERING,2023-06,미탐지,,,98944
23V724000,KIA,SOUL EV,2016,ELECTRICAL_BATTERY,2023-10,탐지,2023-01,9.0,6262
23V594000,KIA,OPTIMA,2017,STRUCTURE_LATCH,2023-08,미탐지,,,319436
23V594000,KIA,OPTIMA,2018,STRUCTURE_LATCH,2023-08,미탐지,,,319436
23V594000,KIA,OPTIMA PHEV,2018,STRUCTURE_LATCH,2023-08,미탐지,,,319436
23V594000,KIA,OPTIMA HYBRID,2017,STRUCTURE_LATCH,2023-08,미탐지,,,319436
23V594000,KIA,RIO,2017,STRUCTURE_LATCH,2023-08,미탐지,,,319436
23V594000,KIA,OPTIMA HYBRID,2018,STRUCTURE_LATCH,2023-08,미탐지,,,319436
23V594000,KIA,OPTIMA,2016,STRUCTURE_LATCH,2023-08,미탐지,,,319436
23V594000,KIA,OPTIMA PHEV,2017,STRUCTURE_LATCH,2023-08,미탐지,,,319436
23V594000,KIA,RIO,2016,STRUCTURE_LATCH,2023-08,미탐지,,,319436
23V649000,KIA,FORTE,2023,OTHER,2023-09,탐지,2023-06,3.0,3866
23V652000,KIA,OPTIMA,2015,BRAKES_STEERING,2023-09,탐지,2023-03,6.0,1730192
23V652000,KIA,CADENZA,2015,BRAKES_STEERING,2023-09,미탐지,,,1730192
23V652000,KIA,RIO,2015,BRAKES_STEERING,2023-09,미탐지,,,1730192
23V652000,KIA,K900,2015,BRAKES_STEERING,2023-09,미탐지,,,1730192
23V652000,KIA,CADENZA,2016,BRAKES_STEERING,2023-09,미탐지,,,1730192
23V652000,KIA,K900,2016,BRAKES_STEERING,2023-09,미탐지,,,1730192
23V652000,KIA,RIO,2016,BRAKES_STEERING,2023-09,미탐지,,,1730192
23V652000,KIA,K900,2017,BRAKES_STEERING,2023-09,미탐지,,,1730192
23V652000,KIA,RIO,2017,BRAKES_STEERING,2023-09,미탐지,,,1730192
23V652000,KIA,K900,2018,BRAKES_STEERING,2023-09,미탐지,,,1730192
23V652000,KIA,BORREGO,2015,BRAKES_STEERING,2023-09,미탐지,,,1730192
23V652000,KIA,BORREGO,2016,BRAKES_STEERING,2023-09,미탐지,,,1730192
23V652000,KIA,BORREGO,2017,BRAKES_STEERING,2023-09,미탐지,,,1730192
23V652000,KIA,BORREGO,2018,BRAKES_STEERING,2023-09,미탐지,,,1730192
23V652000,KIA,BORREGO,2019,BRAKES_STEERING,2023-09,미탐지,,,1730192
23V724000,KIA,SOUL EV,2015,ENGINE_FUEL,2023-10,탐지,2023-09,1.0,6262
23V724000,KIA,SOUL EV,2015,ELECTRICAL_BATTERY,2023-10,탐지,2023-01,9.0,6262
23V724000,KIA,SOUL EV,2016,ENGINE_FUEL,2023-10,탐지,2023-09,1.0,6262
23V724000,KIA,SOUL EV,2017,ENGINE_FUEL,2023-10,탐지,2023-09,1.0,6262
23V724000,KIA,SOUL EV,2017,ELECTRICAL_BATTERY,2023-10,탐지,2023-01,9.0,6262
23V724000,KIA,SOUL EV,2018,ENGINE_FUEL,2023-10,탐지,2023-09,1.0,6262
23V724000,KIA,SOUL EV,2018,ELECTRICAL_BATTERY,2023-10,탐지,2023-01,9.0,6262
23V724000,KIA,SOUL EV,2019,ENGINE_FUEL,2023-10,탐지,2023-09,1.0,6262
23V724000,KIA,SOUL EV,2019,ELECTRICAL_BATTERY,2023-10,탐지,2023-01,9.0,6262
23V901000,HYUNDAI,KONA,2024,ELECTRICAL_BATTERY,2023-12,미탐지,,,10984
23V149000,KIA,K5,2023,AIRBAG_SEATBELT,2023-03,미탐지,,,188912
23V149000,KIA,K5,2022,AIRBAG_SEATBELT,2023-03,탐지,2022-12,3.0,188912
23V149000,KIA,K5,2021,AIRBAG_SEATBELT,2023-03,미탐지,,,188912
23V179000,KIA,CARNIVAL,2023,OTHER,2023-03,미탐지,,,3555
23V179000,KIA,CARNIVAL,2022,OTHER,2023-03,탐지,2022-05,10.0,3555
23V181000,HYUNDAI,SANTA FE PLUG IN HYBRID,2023,OTHER,2023-03,미탐지,,,584784
23V181000,HYUNDAI,SANTA FE HYBRID,2021,OTHER,2023-03,미탐지,,,584784
23V181000,HYUNDAI,SANTA CRUZ,2023,OTHER,2023-03,미탐지,,,584784
23V181000,HYUNDAI,SANTA FE PLUG IN HYBRID,2022,OTHER,2023-03,미탐지,,,584784
23V181000,HYUNDAI,SANTA CRUZ,2022,OTHER,2023-03,탐지,2022-09,5.9,584784
23V181000,HYUNDAI,SANTA FE HYBRID,2022,OTHER,2023-03,미탐지,,,584784
23V181000,HYUNDAI,SANTA FE,2020,OTHER,2023-03,탐지,2022-09,5.9,584784
23V181000,HYUNDAI,SANTA FE,2019,OTHER,2023-03,미탐지,,,584784
23V181000,HYUNDAI,SANTA FE,2023,OTHER,2023-03,탐지,2023-02,0.9,584784
23V181000,HYUNDAI,SANTA FE,2022,OTHER,2023-03,탐지,2022-12,3.0,584784
23V181000,HYUNDAI,SANTA FE,2021,OTHER,2023-03,탐지,2022-07,8.0,584784
23V181000,HYUNDAI,SANTA FE HYBRID,2023,OTHER,2023-03,미탐지,,,584784
23V415000,HYUNDAI,PALISADE,2023,BRAKES_STEERING,2023-06,미탐지,,,322
23V526000,HYUNDAI,KONA,2023,ENGINE_FUEL,2023-07,미탐지,,,52109
23V526000,HYUNDAI,ELANTRA,2023,ENGINE_FUEL,2023-07,미탐지,,,52109
23V526000,HYUNDAI,TUCSON,2024,ENGINE_FUEL,2023-07,미탐지,,,52109
23V526000,HYUNDAI,TUCSON,2023,ENGINE_FUEL,2023-07,미탐지,,,52109
23V526000,HYUNDAI,SONATA,2023,ENGINE_FUEL,2023-07,미탐지,,,52109
23V526000,HYUNDAI,PALISADE,2023,ENGINE_FUEL,2023-07,미탐지,,,52109
23V526000,HYUNDAI,PALISADE,2024,ENGINE_FUEL,2023-07,미탐지,,,52109
23V534000,KIA,NIRO PHEV,2022,ENGINE_FUEL,2023-07,미탐지,,,121411
23V534000,KIA,NIRO PHEV,2019,ENGINE_FUEL,2023-07,미탐지,,,121411
23V534000,KIA,NIRO PHEV,2018,ENGINE_FUEL,2023-07,미탐지,,,121411
23V534000,KIA,NIRO,2017,ENGINE_FUEL,2023-07,미탐지,,,121411
23V534000,KIA,NIRO PHEV,2020,ENGINE_FUEL,2023-07,미탐지,,,121411
23V534000,KIA,NIRO PHEV,2021,ENGINE_FUEL,2023-07,미탐지,,,121411
23V534000,KIA,NIRO,2018,ENGINE_FUEL,2023-07,미탐지,,,121411
23V534000,KIA,NIRO,2019,ENGINE_FUEL,2023-07,미탐지,,,121411
23V534000,KIA,NIRO,2020,ENGINE_FUEL,2023-07,미탐지,,,121411
23V534000,KIA,NIRO,2021,ENGINE_FUEL,2023-07,미탐지,,,121411
23V534000,KIA,NIRO,2022,ENGINE_FUEL,2023-07,미탐지,,,121411
23V610000,KIA,SORENTO HYBRID,2023,OTHER,2023-08,미탐지,,,144979
23V610000,KIA,SORENTO,2023,OTHER,2023-08,미탐지,,,144979
23V610000,KIA,SORENTO HYBRID,2022,OTHER,2023-08,미탐지,,,144979
23V610000,KIA,SORENTO,2022,OTHER,2023-08,탐지,2022-12,8.0,144979
23V610000,KIA,SORENTO PHEV,2022,OTHER,2023-08,미탐지,,,144979
23V610000,KIA,SORENTO PHEV,2023,OTHER,2023-08,미탐지,,,144979
23V639000,KIA,SORENTO,2019,OTHER,2023-09,탐지,2023-04,5.0,83667
23V685000,HYUNDAI,20 40 12PIN EXTEN CHASS,2024,STRUCTURE_LATCH,2023-10,미탐지,,,562
23V685000,HYUNDAI,20 40 12PIN EXTEN CHASS,2022,STRUCTURE_LATCH,2023-10,미탐지,,,562
23V685000,HYUNDAI,20 40 12PIN EXTEN CHASS,2023,STRUCTURE_LATCH,2023-10,미탐지,,,562
23V236000,KIA,CARNIVAL,2022,STRUCTURE_LATCH,2023-03,탐지,2022-10,5.0,51568
23V236000,KIA,CARNIVAL,2023,STRUCTURE_LATCH,2023-03,미탐지,,,51568
23V298000,KIA,TELLURIDE,2023,ELECTRICAL_BATTERY,2023-04,탐지,2023-03,1.0,108936
23V298000,KIA,SOUL,2023,ELECTRICAL_BATTERY,2023-04,미탐지,,,108936
23V298000,KIA,SPORTAGE,2023,ELECTRICAL_BATTERY,2023-04,미탐지,,,108936
23V298000,KIA,NIRO,2023,ELECTRICAL_BATTERY,2023-04,미탐지,,,108936
23V298000,KIA,SPORTAGE HYBRID,2023,ELECTRICAL_BATTERY,2023-04,미탐지,,,108936
23V298000,KIA,NIRO PHEV,2023,ELECTRICAL_BATTERY,2023-04,미탐지,,,108936
23V298000,KIA,SPORTAGE PHEV,2023,ELECTRICAL_BATTERY,2023-04,미탐지,,,108936
23V218000,KIA,SOUL EV,2019,ELECTRICAL_BATTERY,2023-03,탐지,2023-01,1.9,2689
23V218000,KIA,SOUL EV,2018,ELECTRICAL_BATTERY,2023-03,탐지,2023-01,1.9,2689
23V218000,KIA,SOUL EV,2017,ELECTRICAL_BATTERY,2023-03,탐지,2023-01,1.9,2689
23V038000,HYUNDAI,TUCSON,2022,STRUCTURE_LATCH,2023-01,미탐지,,,16104
23V038000,HYUNDAI,SANTA CRUZ,2022,STRUCTURE_LATCH,2023-01,미탐지,,,16104
23V038000,HYUNDAI,SANTA CRUZ,2023,STRUCTURE_LATCH,2023-01,미탐지,,,16104
23V035000,KIA,TELLURIDE,2023,AIRBAG_SEATBELT,2023-01,미탐지,,,31943
23V531000,KIA,SPORTAGE,2023,ENGINE_FUEL,2023-07,탐지,2023-05,2.0,39765
23V531000,KIA,SELTOS,2023,ENGINE_FUEL,2023-07,미탐지,,,39765
23V531000,KIA,SOUL,2023,ENGINE_FUEL,2023-07,미탐지,,,39765
23V531000,KIA,SELTOS,2024,ENGINE_FUEL,2023-07,미탐지,,,39765
23V589000,HYUNDAI,ELANTRA HYBRID,2022,ELECTRICAL_BATTERY,2023-08,미탐지,,,37997
23V579000,KIA,SORENTO,2023,OTHER,2023-08,미탐지,,,50517
23V589000,HYUNDAI,ELANTRA HYBRID,2023,OTHER,2023-08,미탐지,,,37997
23V589000,HYUNDAI,ELANTRA HYBRID,2023,ELECTRICAL_BATTERY,2023-08,미탐지,,,37997
23V589000,HYUNDAI,ELANTRA HYBRID,2022,OTHER,2023-08,탐지,2022-08,12.0,37997
23V589000,HYUNDAI,ELANTRA HYBRID,2021,OTHER,2023-08,미탐지,,,37997
23V589000,HYUNDAI,ELANTRA HYBRID,2021,ELECTRICAL_BATTERY,2023-08,미탐지,,,37997
23V599000,HYUNDAI,PALISADE,2024,AIRBAG_SEATBELT,2023-08,미탐지,,,63
23V634000,KIA,STINGER,2020,ENGINE_FUEL,2023-09,미탐지,,,18224
23V634000,KIA,STINGER,2021,ENGINE_FUEL,2023-09,탐지,2022-12,9.0,18224
23V634000,KIA,STINGER,2018,ENGINE_FUEL,2023-09,미탐지,,,18224
23V634000,KIA,STINGER,2019,ENGINE_FUEL,2023-09,미탐지,,,18224
23V650000,HYUNDAI,KONA,2024,AIRBAG_SEATBELT,2023-09,미탐지,,,2354
23V651000,HYUNDAI,SONATA HYBRID,2015,BRAKES_STEERING,2023-09,미탐지,,,1649478
23V651000,HYUNDAI,ELANTRA COUPE,2015,BRAKES_STEERING,2023-09,미탐지,,,1649478
23V651000,HYUNDAI,AZERA,2015,BRAKES_STEERING,2023-09,미탐지,,,1649478
23V651000,HYUNDAI,ACCENT,2015,BRAKES_STEERING,2023-09,미탐지,,,1649478
23V651000,HYUNDAI,SANTA FE,2015,BRAKES_STEERING,2023-09,미탐지,,,1649478
23V651000,HYUNDAI,GENESIS COUPE,2015,BRAKES_STEERING,2023-09,미탐지,,,1649478
23V651000,HYUNDAI,EQUUS,2015,BRAKES_STEERING,2023-09,미탐지,,,1649478
23V651000,HYUNDAI,VELOSTER,2015,BRAKES_STEERING,2023-09,미탐지,,,1649478
23V651000,HYUNDAI,ELANTRA,2015,BRAKES_STEERING,2023-09,탐지,2023-04,5.0,1649478
23V651000,HYUNDAI,TUCSON FUEL CELL,2015,BRAKES_STEERING,2023-09,미탐지,,,1649478
23V830000,KIA,SOUL,2023,AIRBAG_SEATBELT,2023-12,미탐지,,,2967
23V830000,KIA,SELTOS,2024,AIRBAG_SEATBELT,2023-12,미탐지,,,2967
23V543000,HYUNDAI,DRY VAN TRAILER,2022,BRAKES_STEERING,2023-08,미탐지,,,2
23V556000,HYUNDAI,TUCSON,2024,OTHER,2023-08,미탐지,,,30
23V028000,HYUNDAI,SANTA FE PLUG IN HYBRID,2022,ENGINE_FUEL,2023-01,미탐지,,,326
23V027000,KIA,SORENTO PHEV,2022,ENGINE_FUEL,2023-01,미탐지,,,34
24V065000,HYUNDAI,IONIQ 6,2023,ENGINE_FUEL,2024-02,미탐지,,,1165
24V065000,HYUNDAI,IONIQ 5,2023,ENGINE_FUEL,2024-02,탐지,2023-06,8.0,1165
24V148000,KIA,TELLURIDE,2020,VISIBILITY_LIGHTING,2024-02,미탐지,,,35031
24V169000,KIA,STINGER,2018,ELECTRICAL_BATTERY,2024-03,미탐지,,,36248
24V169000,KIA,K900,2019,ELECTRICAL_BATTERY,2024-03,미탐지,,,36248
24V169000,KIA,STINGER,2019,ELECTRICAL_BATTERY,2024-03,미탐지,,,36248
24V169000,KIA,STINGER,2020,ELECTRICAL_BATTERY,2024-03,미탐지,,,36248
24V169000,KIA,K900,2020,ELECTRICAL_BATTERY,2024-03,미탐지,,,36248
24V169000,KIA,STINGER,2021,ELECTRICAL_BATTERY,2024-03,미탐지,,,36248
24V169000,KIA,STINGER,2022,ELECTRICAL_BATTERY,2024-03,미탐지,,,36248
24V169000,KIA,STINGER,2023,ELECTRICAL_BATTERY,2024-03,미탐지,,,36248
24V244000,KIA,FORTE,2023,OTHER,2024-04,탐지,2024-03,1.0,215
24V246000,HYUNDAI,SANTA FE,2024,OTHER,2024-04,미탐지,,,18206
24V561000,HYUNDAI,SANTA FE HYBRID,2024,AIRBAG_SEATBELT,2024-07,미탐지,,,49719
24V561000,HYUNDAI,SANTA FE HYBRID,2024,ELECTRICAL_BATTERY,2024-07,미탐지,,,49719
24V561000,HYUNDAI,SANTA FE,2024,AIRBAG_SEATBELT,2024-07,미탐지,,,49719
24V561000,HYUNDAI,SANTA FE,2024,ELECTRICAL_BATTERY,2024-07,미탐지,,,49719
24V583000,HYUNDAI,SONATA,2024,BRAKES_STEERING,2024-08,미탐지,,,38331
24V761000,HYUNDAI,NEXO,2022,ENGINE_FUEL,2024-10,미탐지,,,1545
24V761000,HYUNDAI,NEXO,2019,ENGINE_FUEL,2024-10,미탐지,,,1545
24V761000,HYUNDAI,NEXO,2020,ENGINE_FUEL,2024-10,미탐지,,,1545
24V761000,HYUNDAI,NEXO,2024,ENGINE_FUEL,2024-10,미탐지,,,1545
24V761000,HYUNDAI,NEXO,2023,ENGINE_FUEL,2024-10,미탐지,,,1545
24V761000,HYUNDAI,NEXO,2021,ENGINE_FUEL,2024-10,미탐지,,,1545
24V920000,KIA,SORENTO PHEV,2025,ENGINE_FUEL,2024-12,미탐지,,,1385
24V843000,HYUNDAI,SANTA FE HYBRID,2024,ELECTRICAL_BATTERY,2024-11,미탐지,,,34964
24V843000,HYUNDAI,SANTA FE HYBRID,2024,VISIBILITY_LIGHTING,2024-11,미탐지,,,34964
24V843000,HYUNDAI,SANTA FE,2024,ELECTRICAL_BATTERY,2024-11,미탐지,,,34964
24V843000,HYUNDAI,SANTA FE,2024,VISIBILITY_LIGHTING,2024-11,미탐지,,,34964
24V338000,KIA,EV9,2024,AIRBAG_SEATBELT,2024-05,미탐지,,,4
24V358000,KIA,NIRO EV,2022,ELECTRICAL_BATTERY,2024-05,미탐지,,,2209
24V400000,KIA,EV9,2024,STRUCTURE_LATCH,2024-06,미탐지,,,2401
24V407000,KIA,TELLURIDE,2020,OTHER,2024-06,탐지,2024-02,4.0,462869
24V407000,KIA,TELLURIDE,2021,OTHER,2024-06,탐지,2024-02,4.0,462869
24V407000,KIA,TELLURIDE,2022,OTHER,2024-06,탐지,2024-03,3.0,462869
24V407000,KIA,TELLURIDE,2023,OTHER,2024-06,탐지,2024-03,3.0,462869
24V407000,KIA,TELLURIDE,2024,OTHER,2024-06,탐지,2024-02,4.0,462869
24V867000,KIA,EV6,2022,ELECTRICAL_BATTERY,2024-11,탐지,2024-04,7.0,62872
24V867000,KIA,EV6,2023,ELECTRICAL_BATTERY,2024-11,탐지,2024-04,7.0,62872
24V867000,KIA,EV6,2024,ELECTRICAL_BATTERY,2024-11,탐지,2024-04,7.0,62872
24V877000,HYUNDAI,SANTA CRUZ,2025,ELECTRICAL_BATTERY,2024-11,미탐지,,,42465
24V877000,HYUNDAI,TUCSON,2025,ELECTRICAL_BATTERY,2024-11,미탐지,,,42465
24V200000,KIA,EV6,2022,ELECTRICAL_BATTERY,2024-03,탐지,2023-05,10.0,48232
24V200000,KIA,EV6,2023,ELECTRICAL_BATTERY,2024-03,탐지,2023-07,8.0,48232
24V200000,KIA,EV6,2024,ELECTRICAL_BATTERY,2024-03,미탐지,,,48232
24V271000,KIA,NIRO EV,2023,ENGINE_FUEL,2024-04,미탐지,,,8
24V271000,KIA,EV9,2024,ENGINE_FUEL,2024-04,미탐지,,,8
24V287000,KIA,SORENTO,2024,ELECTRICAL_BATTERY,2024-04,미탐지,,,95
24V308000,HYUNDAI,VENUE,2024,ENGINE_FUEL,2024-05,미탐지,,,13511
24V308000,HYUNDAI,ELANTRA,2024,ENGINE_FUEL,2024-05,미탐지,,,13511
24V308000,HYUNDAI,KONA,2024,ENGINE_FUEL,2024-05,미탐지,,,13511
24V412000,HYUNDAI,TUCSON,2024,BRAKES_STEERING,2024-06,미탐지,,,795
24V412000,HYUNDAI,SANTA CRUZ,2024,BRAKES_STEERING,2024-06,미탐지,,,795
24V529000,HYUNDAI,SANTA FE,2024,ENGINE_FUEL,2024-07,미탐지,,,12349
24V539000,HYUNDAI,XCIENT,2023,BRAKES_STEERING,2024-07,미탐지,,,35
24V693000,KIA,EV9,2024,BRAKES_STEERING,2024-09,미탐지,,,12400
24V757000,KIA,EV9,2024,ELECTRICAL_BATTERY,2024-10,탐지,2024-09,1.0,14163
24V757000,KIA,EV9,2025,ELECTRICAL_BATTERY,2024-10,미탐지,,,14163
24V868000,HYUNDAI,IONIQ 5,2024,ELECTRICAL_BATTERY,2024-11,탐지,2024-08,3.0,145642
24V868000,HYUNDAI,IONIQ 6,2023,ELECTRICAL_BATTERY,2024-11,탐지,2024-10,1.0,145642
24V868000,HYUNDAI,IONIQ 6,2024,ELECTRICAL_BATTERY,2024-11,미탐지,,,145642
24V868000,HYUNDAI,IONIQ 5,2023,ELECTRICAL_BATTERY,2024-11,탐지,2024-04,7.0,145642
24V868000,HYUNDAI,IONIQ 6,2025,ELECTRICAL_BATTERY,2024-11,미탐지,,,145642
24V868000,HYUNDAI,IONIQ 5,2022,ELECTRICAL_BATTERY,2024-11,탐지,2024-10,1.0,145642
24V422000,KIA,SPORTAGE,2024,BRAKES_STEERING,2024-06,미탐지,,,1075
24V106000,HYUNDAI,PALISADE,2024,ENGINE_FUEL,2024-02,미탐지,,,4245
24V962000,KIA,EV9,2024,OTHER,2024-12,탐지,2024-09,3.0,22883
24V962000,KIA,EV9,2025,OTHER,2024-12,미탐지,,,22883
24V283000,HYUNDAI,IONIQ 6,2024,ENGINE_FUEL,2024-04,미탐지,,,2
24V528000,HYUNDAI,VELOSTER N,2022,ENGINE_FUEL,2024-07,미탐지,,,54647
24V528000,HYUNDAI,ELANTRA N,2023,ENGINE_FUEL,2024-07,미탐지,,,54647
24V528000,HYUNDAI,KONA N,2023,ENGINE_FUEL,2024-07,미탐지,,,54647
24V528000,HYUNDAI,KONA N,2022,ENGINE_FUEL,2024-07,미탐지,,,54647
24V528000,HYUNDAI,VELOSTER N,2020,ENGINE_FUEL,2024-07,미탐지,,,54647
24V528000,HYUNDAI,VELOSTER N,2019,ENGINE_FUEL,2024-07,미탐지,,,54647
24V528000,HYUNDAI,VELOSTER N,2021,ENGINE_FUEL,2024-07,미탐지,,,54647
24V528000,HYUNDAI,ELANTRA N,2022,ENGINE_FUEL,2024-07,미탐지,,,54647
24V025000,KIA,CARNIVAL,2022,STRUCTURE_LATCH,2024-01,탐지,2023-07,6.0,101049
24V025000,KIA,SPORTAGE,2023,STRUCTURE_LATCH,2024-01,미탐지,,,101049
24V025000,KIA,CARNIVAL,2023,STRUCTURE_LATCH,2024-01,미탐지,,,101049
24V025000,KIA,SPORTAGE,2024,STRUCTURE_LATCH,2024-01,미탐지,,,101049
24V025000,KIA,CARNIVAL,2024,STRUCTURE_LATCH,2024-01,미탐지,,,101049
24V057000,KIA,EV6,2023,ENGINE_FUEL,2024-01,미탐지,,,1243
24V057000,KIA,NIRO EV,2023,ENGINE_FUEL,2024-01,미탐지,,,1243
24V057000,KIA,NIRO EV,2024,ENGINE_FUEL,2024-01,미탐지,,,1243
24V077000,KIA,TELLURIDE,2024,ENGINE_FUEL,2024-02,미탐지,,,2872
24V107000,HYUNDAI,GENESIS,2015,ELECTRICAL_BATTERY,2024-02,탐지,2023-04,10.1,90907
24V107000,HYUNDAI,GENESIS,2016,ELECTRICAL_BATTERY,2024-02,미탐지,,,90907
24V146000,HYUNDAI,ELANTRA,2016,STRUCTURE_LATCH,2024-02,미탐지,,,186588
24V146000,HYUNDAI,ELANTRA,2015,STRUCTURE_LATCH,2024-02,미탐지,,,186588
24V204000,HYUNDAI,IONIQ 6,2023,ELECTRICAL_BATTERY,2024-03,미탐지,,,99055
24V204000,HYUNDAI,IONIQ 6,2024,ELECTRICAL_BATTERY,2024-03,미탐지,,,99055
24V204000,HYUNDAI,IONIQ 5,2024,ELECTRICAL_BATTERY,2024-03,탐지,2023-06,9.0,99055
24V214000,KIA,TELLURIDE,2021,ENGINE_FUEL,2024-03,미탐지,,,427407
24V214000,KIA,TELLURIDE,2022,ENGINE_FUEL,2024-03,미탐지,,,427407
24V204000,HYUNDAI,IONIQ 5,2022,ELECTRICAL_BATTERY,2024-03,미탐지,,,99055
24V214000,KIA,TELLURIDE,2020,ENGINE_FUEL,2024-03,탐지,2024-01,2.0,427407
24V204000,HYUNDAI,IONIQ 5,2023,ELECTRICAL_BATTERY,2024-03,탐지,2023-05,10.0,99055
24V214000,KIA,TELLURIDE,2023,ENGINE_FUEL,2024-03,탐지,2024-01,2.0,427407
24V214000,KIA,TELLURIDE,2024,ENGINE_FUEL,2024-03,미탐지,,,427407
24V691000,HYUNDAI,TUCSON,2025,OTHER,2024-09,미탐지,,,65
24V879000,HYUNDAI,SANTA FE HYBRID,2021,OTHER,2024-11,미탐지,,,226118
24V879000,HYUNDAI,ELANTRA N,2022,OTHER,2024-11,미탐지,,,226118
24V879000,HYUNDAI,SANTA FE PLUG IN HYBRID,2022,OTHER,2024-11,미탐지,,,226118
24V879000,HYUNDAI,SANTA FE HYBRID,2022,OTHER,2024-11,미탐지,,,226118
24V879000,HYUNDAI,SANTA FE,2021,OTHER,2024-11,탐지,2024-03,8.0,226118
24V879000,HYUNDAI,SANTA FE,2022,OTHER,2024-11,탐지,2024-08,3.0,226118
24V879000,HYUNDAI,ELANTRA HYBRID,2022,OTHER,2024-11,탐지,2024-02,9.0,226118
24V879000,HYUNDAI,ELANTRA,2022,OTHER,2024-11,탐지,2024-01,10.0,226118
24V879000,HYUNDAI,ELANTRA,2021,OTHER,2024-11,탐지,2024-06,5.0,226118
24V879000,HYUNDAI,ELANTRA HYBRID,2021,OTHER,2024-11,미탐지,,,226118
25V493000,KIA,K5,2025,STRUCTURE_LATCH,2025-07,미탐지,,,100063
25V797000,HYUNDAI,IONIQ 5,2025,AIRBAG_SEATBELT,2025-11,미탐지,,,1535
25V794000,KIA,K5,2023,ENGINE_FUEL,2025-11,탐지,2025-09,2.0,250547
25V794000,KIA,K5,2021,ENGINE_FUEL,2025-11,탐지,2025-02,9.0,250547
25V794000,KIA,K5,2022,ENGINE_FUEL,2025-11,탐지,2025-08,3.0,250547
25V794000,KIA,K5,2024,ENGINE_FUEL,2025-11,미탐지,,,250547
25V006000,KIA,SORENTO,2024,ELECTRICAL_BATTERY,2025-01,미탐지,,,74469
25V006000,KIA,SORENTO,2024,VISIBILITY_LIGHTING,2025-01,미탐지,,,74469
25V006000,KIA,SORENTO,2025,ELECTRICAL_BATTERY,2025-01,미탐지,,,74469
25V006000,KIA,SORENTO,2025,VISIBILITY_LIGHTING,2025-01,미탐지,,,74469
25V006000,KIA,SORENTO PHEV,2025,ELECTRICAL_BATTERY,2025-01,미탐지,,,74469
25V006000,KIA,SORENTO PHEV,2025,VISIBILITY_LIGHTING,2025-01,미탐지,,,74469
25V006000,KIA,SORENTO HYBRID,2025,ELECTRICAL_BATTERY,2025-01,미탐지,,,74469
25V006000,KIA,SORENTO HYBRID,2025,VISIBILITY_LIGHTING,2025-01,미탐지,,,74469
25V649000,KIA,SORENTO,2021,VISIBILITY_LIGHTING,2025-09,미탐지,,,39536
25V649000,KIA,SORENTO,2021,ELECTRICAL_BATTERY,2025-09,미탐지,,,39536
25V649000,KIA,SORENTO,2022,VISIBILITY_LIGHTING,2025-09,미탐지,,,39536
25V649000,KIA,SORENTO,2022,ELECTRICAL_BATTERY,2025-09,미탐지,,,39536
25V649000,KIA,SORENTO,2023,VISIBILITY_LIGHTING,2025-09,미탐지,,,39536
25V649000,KIA,SORENTO,2023,ELECTRICAL_BATTERY,2025-09,미탐지,,,39536
25V235000,HYUNDAI,IONIQ 5,2025,BRAKES_STEERING,2025-04,미탐지,,,1589
25V291000,HYUNDAI,PALISADE,2025,ENGINE_FUEL,2025-05,미탐지,,,620
25V493000,KIA,K5,2023,STRUCTURE_LATCH,2025-07,미탐지,,,100063
25V493000,KIA,K5,2024,STRUCTURE_LATCH,2025-07,미탐지,,,100063
25V548000,KIA,K4,2025,ENGINE_FUEL,2025-08,미탐지,,,30
25V548000,KIA,SORENTO,2025,ENGINE_FUEL,2025-08,탐지,2025-06,2.0,30
25V605000,HYUNDAI,IONIQ 5,2025,OTHER,2025-09,탐지,2025-05,4.0,8
25V606000,HYUNDAI,IONIQ 6,2023,ELECTRICAL_BATTERY,2025-09,탐지,2024-10,11.0,31042
25V115000,KIA,EV9,2025,ENGINE_FUEL,2025-02,미탐지,,,342
25V115000,KIA,EV9,2025,ELECTRICAL_BATTERY,2025-02,미탐지,,,342
25V482000,HYUNDAI,IONIQ 5,2025,ELECTRICAL_BATTERY,2025-07,미탐지,,,10
25V024000,KIA,NIRO PHEV,2024,OTHER,2025-01,미탐지,,,80255
25V024000,KIA,NIRO PHEV,2024,ELECTRICAL_BATTERY,2025-01,미탐지,,,80255
25V024000,KIA,NIRO PHEV,2023,OTHER,2025-01,미탐지,,,80255
25V024000,KIA,NIRO PHEV,2023,ELECTRICAL_BATTERY,2025-01,미탐지,,,80255
25V024000,KIA,NIRO EV,2025,OTHER,2025-01,미탐지,,,80255
25V024000,KIA,NIRO EV,2025,ELECTRICAL_BATTERY,2025-01,미탐지,,,80255
25V351000,KIA,K5,2025,VISIBILITY_LIGHTING,2025-05,미탐지,,,82281
25V331000,HYUNDAI,DRY VAN TRAILER,2026,STRUCTURE_LATCH,2025-06,미탐지,,,2
25V494000,KIA,TELLURIDE,2023,STRUCTURE_LATCH,2025-07,미탐지,,,201149
25V494000,KIA,TELLURIDE,2024,STRUCTURE_LATCH,2025-07,미탐지,,,201149
25V494000,KIA,TELLURIDE,2025,STRUCTURE_LATCH,2025-07,미탐지,,,201149
25V606000,HYUNDAI,IONIQ 6,2024,ELECTRICAL_BATTERY,2025-09,탐지,2025-01,8.0,31042
25V606000,HYUNDAI,IONIQ 6,2025,ELECTRICAL_BATTERY,2025-09,미탐지,,,31042
25V659000,HYUNDAI,SANTA FE,2024,ELECTRICAL_BATTERY,2025-10,미탐지,,,135386
25V659000,HYUNDAI,SANTA FE,2025,ELECTRICAL_BATTERY,2025-10,미탐지,,,135386
25V549000,HYUNDAI,TUCSON,2025,ENGINE_FUEL,2025-08,미탐지,,,29
25V549000,HYUNDAI,SANTA FE,2025,ENGINE_FUEL,2025-08,미탐지,,,29
25V549000,HYUNDAI,SANTA FE,2026,ENGINE_FUEL,2025-08,미탐지,,,29
25V549000,HYUNDAI,TUCSON,2026,ENGINE_FUEL,2025-08,미탐지,,,29
25V796000,HYUNDAI,SONATA,2020,ENGINE_FUEL,2025-11,탐지,2025-05,6.0,85043
25V796000,HYUNDAI,SONATA,2021,ENGINE_FUEL,2025-11,탐지,2025-03,8.0,85043
25V796000,HYUNDAI,SONATA,2022,ENGINE_FUEL,2025-11,탐지,2025-06,5.0,85043
25V809000,HYUNDAI,SANTA FE,2025,AIRBAG_SEATBELT,2025-11,탐지,2025-10,1.0,258
25V809000,HYUNDAI,SANTA FE,2026,AIRBAG_SEATBELT,2025-11,미탐지,,,258
25V809000,HYUNDAI,SANTA FE HYBRID,2025,AIRBAG_SEATBELT,2025-11,미탐지,,,258
25V796000,HYUNDAI,SONATA,2023,ENGINE_FUEL,2025-11,탐지,2025-07,4.0,85043
25V809000,HYUNDAI,TUCSON,2025,AIRBAG_SEATBELT,2025-11,미탐지,,,258
25V809000,HYUNDAI,SANTA CRUZ,2025,AIRBAG_SEATBELT,2025-11,미탐지,,,258
25V809000,HYUNDAI,SANTA CRUZ,2026,AIRBAG_SEATBELT,2025-11,미탐지,,,258
25V809000,HYUNDAI,SANTA FE HYBRID,2026,AIRBAG_SEATBELT,2025-11,미탐지,,,258
25V065000,HYUNDAI,IONIQ 5,2025,BRAKES_STEERING,2025-02,미탐지,,,1587
25V607000,HYUNDAI,PALISADE,2020,AIRBAG_SEATBELT,2025-09,탐지,2025-01,8.0,568580
25V607000,HYUNDAI,PALISADE,2021,AIRBAG_SEATBELT,2025-09,탐지,2024-12,9.0,568580
25V607000,HYUNDAI,PALISADE,2022,AIRBAG_SEATBELT,2025-09,탐지,2024-12,9.0,568580
25V607000,HYUNDAI,PALISADE,2023,AIRBAG_SEATBELT,2025-09,탐지,2025-01,8.0,568580
25V607000,HYUNDAI,PALISADE,2024,AIRBAG_SEATBELT,2025-09,미탐지,,,568580
25V607000,HYUNDAI,PALISADE,2025,AIRBAG_SEATBELT,2025-09,미탐지,,,568580
25V745000,KIA,TELLURIDE,2025,TIRES_WHEELS,2025-10,미탐지,,,45
25V745000,KIA,SORENTO,2026,TIRES_WHEELS,2025-10,미탐지,,,45
25V808000,HYUNDAI,SANTA FE,2024,OTHER,2025-11,미탐지,,,143472
25V808000,HYUNDAI,SANTA FE,2025,OTHER,2025-11,탐지,2025-10,1.0,143472
25V808000,HYUNDAI,SANTA FE HYBRID,2024,OTHER,2025-11,탐지,2025-07,4.0,143472
25V808000,HYUNDAI,SANTA FE HYBRID,2025,OTHER,2025-11,탐지,2025-08,3.0,143472
25V893000,HYUNDAI,TUCSON,2022,OTHER,2025-12,탐지,2025-11,1.0,51587
25V893000,HYUNDAI,TUCSON,2023,OTHER,2025-12,탐지,2025-10,2.0,51587
25V893000,HYUNDAI,TUCSON,2024,OTHER,2025-12,미탐지,,,51587
25V099000,KIA,SOUL,2023,ENGINE_FUEL,2025-02,미탐지,,,137256
25V099000,KIA,SELTOS,2023,ENGINE_FUEL,2025-02,미탐지,,,137256
25V099000,KIA,SELTOS,2021,ENGINE_FUEL,2025-02,미탐지,,,137256
25V099000,KIA,SELTOS,2022,ENGINE_FUEL,2025-02,미탐지,,,137256
25V099000,KIA,SOUL,2022,ENGINE_FUEL,2025-02,미탐지,,,137256
25V099000,KIA,SOUL,2021,ENGINE_FUEL,2025-02,탐지,2024-02,12.0,137256
25V024000,KIA,NIRO,2025,OTHER,2025-01,미탐지,,,80255
25V024000,KIA,NIRO,2025,ELECTRICAL_BATTERY,2025-01,미탐지,,,80255
25V024000,KIA,NIRO PHEV,2025,OTHER,2025-01,미탐지,,,80255
25V024000,KIA,NIRO PHEV,2025,ELECTRICAL_BATTERY,2025-01,미탐지,,,80255
25V024000,KIA,NIRO,2024,OTHER,2025-01,미탐지,,,80255
25V024000,KIA,NIRO,2024,ELECTRICAL_BATTERY,2025-01,미탐지,,,80255
25V024000,KIA,NIRO EV,2024,OTHER,2025-01,미탐지,,,80255
25V024000,KIA,NIRO EV,2024,ELECTRICAL_BATTERY,2025-01,미탐지,,,80255
25V024000,KIA,NIRO,2023,OTHER,2025-01,탐지,2024-11,2.0,80255
25V024000,KIA,NIRO,2023,ELECTRICAL_BATTERY,2025-01,미탐지,,,80255
25V024000,KIA,NIRO EV,2023,OTHER,2025-01,미탐지,,,80255
25V024000,KIA,NIRO EV,2023,ELECTRICAL_BATTERY,2025-01,미탐지,,,80255
25V064000,HYUNDAI,IONIQ 5,2025,AIRBAG_SEATBELT,2025-02,미탐지,,,33
25V064000,HYUNDAI,IONIQ 5,2025,ELECTRICAL_BATTERY,2025-02,미탐지,,,33
25V874000,KIA,SPORTAGE,2024,OTHER,2025-12,탐지,2025-08,4.0,5046
25V874000,KIA,SPORTAGE,2024,ELECTRICAL_BATTERY,2025-12,탐지,2025-05,7.0,5046
25V874000,KIA,SPORTAGE,2025,OTHER,2025-12,탐지,2025-07,5.0,5046
25V874000,KIA,SPORTAGE,2025,ELECTRICAL_BATTERY,2025-12,탐지,2025-09,3.0,5046
25V874000,KIA,SPORTAGE PHEV,2023,OTHER,2025-12,미탐지,,,5046
25V874000,KIA,SPORTAGE PHEV,2023,ELECTRICAL_BATTERY,2025-12,미탐지,,,5046
25V874000,KIA,SPORTAGE PHEV,2024,OTHER,2025-12,미탐지,,,5046
25V874000,KIA,SPORTAGE PHEV,2024,ELECTRICAL_BATTERY,2025-12,미탐지,,,5046
25V874000,KIA,SPORTAGE PHEV,2025,OTHER,2025-12,미탐지,,,5046
25V874000,KIA,SPORTAGE PHEV,2025,ELECTRICAL_BATTERY,2025-12,미탐지,,,5046
25V373000,HYUNDAI,IONIQ 5,2025,VISIBILITY_LIGHTING,2025-06,미탐지,,,10409
25V426000,KIA,NIRO EV,2020,OTHER,2025-06,미탐지,,,11327
25V426000,KIA,NIRO EV,2021,OTHER,2025-06,미탐지,,,11327
25V426000,KIA,NIRO EV,2022,OTHER,2025-06,미탐지,,,11327
26V160000,HYUNDAI,PALISADE HYBRID,2026,OTHER,2026-03,미탐지,,,61307
26V160000,HYUNDAI,PALISADE,2026,OTHER,2026-03,탐지,2025-10,5.0,61307
26V232000,KIA,CARNIVAL,2026,ENGINE_FUEL,2026-04,미탐지,,,141032
26V232000,KIA,CARNIVAL,2022,ENGINE_FUEL,2026-04,탐지,2025-08,8.0,141032
26V232000,KIA,CARNIVAL,2023,ENGINE_FUEL,2026-04,미탐지,,,141032
26V232000,KIA,CARNIVAL,2024,ENGINE_FUEL,2026-04,탐지,2025-11,5.0,141032
26V232000,KIA,CARNIVAL,2025,ENGINE_FUEL,2026-04,탐지,2025-06,10.0,141032
26V254000,HYUNDAI,TUCSON PLUG IN HYBRID,2026,AIRBAG_SEATBELT,2026-04,미탐지,,,2931
26V254000,HYUNDAI,ELANTRA,2026,AIRBAG_SEATBELT,2026-04,미탐지,,,2931
26V254000,HYUNDAI,ELANTRA N,2025,AIRBAG_SEATBELT,2026-04,미탐지,,,2931
26V254000,HYUNDAI,TUCSON,2026,AIRBAG_SEATBELT,2026-04,미탐지,,,2931
26V254000,HYUNDAI,TUCSON HYBRID,2026,AIRBAG_SEATBELT,2026-04,미탐지,,,2931
26V307000,HYUNDAI,ELANTRA GT,2016,AIRBAG_SEATBELT,2026-05,미탐지,,,3493
26V307000,HYUNDAI,ELANTRA,2015,AIRBAG_SEATBELT,2026-05,미탐지,,,3493
26V307000,HYUNDAI,ELANTRA,2016,AIRBAG_SEATBELT,2026-05,탐지,2025-12,5.0,3493
26V316000,HYUNDAI,TUCSON,2025,OTHER,2026-05,탐지,2025-08,9.0,423062
26V316000,HYUNDAI,TUCSON,2026,OTHER,2026-05,탐지,2026-03,2.0,423062
26V316000,HYUNDAI,TUCSON PLUG IN HYBRID,2026,OTHER,2026-05,미탐지,,,423062
26V316000,HYUNDAI,SANTA CRUZ,2026,OTHER,2026-05,미탐지,,,423062
26V046000,KIA,SPORTAGE PHEV,2026,ELECTRICAL_BATTERY,2026-01,미탐지,,,42677
26V046000,KIA,SORENTO PHEV,2026,ELECTRICAL_BATTERY,2026-01,미탐지,,,42677
26V046000,KIA,SORENTO PHEV,2025,ELECTRICAL_BATTERY,2026-01,미탐지,,,42677
26V046000,KIA,SPORTAGE HYBRID,2026,ELECTRICAL_BATTERY,2026-01,미탐지,,,42677
26V046000,KIA,SPORTAGE,2026,ELECTRICAL_BATTERY,2026-01,미탐지,,,42677
26V046000,KIA,K5,2026,ELECTRICAL_BATTERY,2026-01,미탐지,,,42677
26V046000,KIA,EV9,2026,ELECTRICAL_BATTERY,2026-01,미탐지,,,42677
26V046000,KIA,CARNIVAL HYBRID,2026,ELECTRICAL_BATTERY,2026-01,미탐지,,,42677
26V046000,KIA,CARNIVAL,2026,ELECTRICAL_BATTERY,2026-01,미탐지,,,42677
26V046000,KIA,SORENTO HYBRID,2026,ELECTRICAL_BATTERY,2026-01,미탐지,,,42677
26V046000,KIA,SORENTO HYBRID,2025,ELECTRICAL_BATTERY,2026-01,미탐지,,,42677
26V046000,KIA,SORENTO,2026,ELECTRICAL_BATTERY,2026-01,미탐지,,,42677
26V046000,KIA,SORENTO,2025,ELECTRICAL_BATTERY,2026-01,탐지,2025-12,1.0,42677
26V046000,KIA,K4,2025,ELECTRICAL_BATTERY,2026-01,미탐지,,,42677
26V047000,HYUNDAI,IONIQ 5,2026,ELECTRICAL_BATTERY,2026-01,미탐지,,,41651
26V047000,HYUNDAI,KONA,2026,ELECTRICAL_BATTERY,2026-01,미탐지,,,41651
26V047000,HYUNDAI,PALISADE,2026,ELECTRICAL_BATTERY,2026-01,탐지,2025-12,1.0,41651
26V047000,HYUNDAI,PALISADE HYBRID,2026,ELECTRICAL_BATTERY,2026-01,미탐지,,,41651
26V316000,HYUNDAI,TUCSON PLUG IN HYBRID,2025,OTHER,2026-05,미탐지,,,423062
26V316000,HYUNDAI,TUCSON HYBRID,2025,OTHER,2026-05,미탐지,,,423062
26V316000,HYUNDAI,TUCSON HYBRID,2026,OTHER,2026-05,미탐지,,,423062
26V316000,HYUNDAI,SANTA CRUZ,2025,OTHER,2026-05,탐지,2025-10,7.0,423062
26V047000,HYUNDAI,SANTA CRUZ,2026,ELECTRICAL_BATTERY,2026-01,미탐지,,,41651
26V047000,HYUNDAI,SANTA FE,2026,ELECTRICAL_BATTERY,2026-01,미탐지,,,41651
26V047000,HYUNDAI,SANTA FE HYBRID,2026,ELECTRICAL_BATTERY,2026-01,미탐지,,,41651
26V047000,HYUNDAI,SONATA,2026,ELECTRICAL_BATTERY,2026-01,미탐지,,,41651
26V047000,HYUNDAI,SONATA HYBRID,2026,ELECTRICAL_BATTERY,2026-01,미탐지,,,41651
26V047000,HYUNDAI,TUCSON,2026,ELECTRICAL_BATTERY,2026-01,미탐지,,,41651
26V047000,HYUNDAI,TUCSON HYBRID,2025,ELECTRICAL_BATTERY,2026-01,탐지,2025-06,7.0,41651
26V047000,HYUNDAI,TUCSON HYBRID,2026,ELECTRICAL_BATTERY,2026-01,미탐지,,,41651
26V047000,HYUNDAI,TUCSON PLUG IN HYBRID,2025,ELECTRICAL_BATTERY,2026-01,미탐지,,,41651
26V047000,HYUNDAI,TUCSON PLUG IN HYBRID,2026,ELECTRICAL_BATTERY,2026-01,미탐지,,,41651
26V135000,KIA,K4,2026,AIRBAG_SEATBELT,2026-03,미탐지,,,14870
26V169000,HYUNDAI,PALISADE HYBRID,2026,AIRBAG_SEATBELT,2026-03,미탐지,,,46787
26V169000,HYUNDAI,PALISADE,2026,AIRBAG_SEATBELT,2026-03,미탐지,,,46787
26V308000,HYUNDAI,ELANTRA HYBRID,2024,ELECTRICAL_BATTERY,2026-05,미탐지,,,54337
26V308000,HYUNDAI,ELANTRA HYBRID,2025,ELECTRICAL_BATTERY,2026-05,미탐지,,,54337
26V314000,HYUNDAI,IONIQ 5,2025,OTHER,2026-05,탐지,2025-05,12.0,172
26V314000,HYUNDAI,IONIQ 9,2026,OTHER,2026-05,탐지,2026-03,2.0,172
26V218000,HYUNDAI,SANTA FE,2024,AIRBAG_SEATBELT,2026-04,미탐지,,,294448
26V218000,HYUNDAI,SANTA FE,2025,AIRBAG_SEATBELT,2026-04,탐지,2025-10,6.0,294448
26V218000,HYUNDAI,SANTA FE,2026,AIRBAG_SEATBELT,2026-04,미탐지,,,294448
26V218000,HYUNDAI,IONIQ 6,2025,AIRBAG_SEATBELT,2026-04,미탐지,,,294448
26V218000,HYUNDAI,SANTA FE HYBRID,2024,AIRBAG_SEATBELT,2026-04,미탐지,,,294448
26V218000,HYUNDAI,SANTA FE HYBRID,2025,AIRBAG_SEATBELT,2026-04,미탐지,,,294448
26V218000,HYUNDAI,SANTA FE HYBRID,2026,AIRBAG_SEATBELT,2026-04,미탐지,,,294448
26V400000,HYUNDAI,TUCSON,2025,ELECTRICAL_BATTERY,2026-06,탐지,2025-07,11.0,96310
26V400000,HYUNDAI,TUCSON,2026,ELECTRICAL_BATTERY,2026-06,미탐지,,,96310
26V400000,HYUNDAI,TUCSON HYBRID,2025,ELECTRICAL_BATTERY,2026-06,탐지,2025-06,12.0,96310
26V400000,HYUNDAI,TUCSON HYBRID,2026,ELECTRICAL_BATTERY,2026-06,미탐지,,,96310
26V400000,HYUNDAI,TUCSON PLUG IN HYBRID,2025,ELECTRICAL_BATTERY,2026-06,미탐지,,,96310
26V400000,HYUNDAI,TUCSON PLUG IN HYBRID,2026,ELECTRICAL_BATTERY,2026-06,미탐지,,,96310
26V218000,HYUNDAI,IONIQ 6,2024,AIRBAG_SEATBELT,2026-04,미탐지,,,294448
26V218000,HYUNDAI,IONIQ 6,2023,AIRBAG_SEATBELT,2026-04,미탐지,,,294448
26V105000,KIA,TELLURIDE,2025,OTHER,2026-02,탐지,2025-11,3.0,85515
26V034000,HYUNDAI,PALISADE,2025,AIRBAG_SEATBELT,2026-01,탐지,2025-11,2.0,568576
26V034000,HYUNDAI,PALISADE,2024,AIRBAG_SEATBELT,2026-01,탐지,2025-11,2.0,568576
26V068000,HYUNDAI,IONIQ 9,2026,ELECTRICAL_BATTERY,2026-02,미탐지,,,27
26V069000,HYUNDAI,KONA,2026,BRAKES_STEERING,2026-02,미탐지,,,4555
26V068000,HYUNDAI,IONIQ 5,2026,ELECTRICAL_BATTERY,2026-02,미탐지,,,27
26V068000,HYUNDAI,IONIQ 5,2025,ELECTRICAL_BATTERY,2026-02,탐지,2025-11,3.0,27
26V034000,HYUNDAI,PALISADE,2022,AIRBAG_SEATBELT,2026-01,미탐지,,,568576
26V034000,HYUNDAI,PALISADE,2021,AIRBAG_SEATBELT,2026-01,미탐지,,,568576
26V034000,HYUNDAI,PALISADE,2023,AIRBAG_SEATBELT,2026-01,탐지,2025-12,1.0,568576
26V034000,HYUNDAI,PALISADE,2020,AIRBAG_SEATBELT,2026-01,탐지,2025-10,3.0,568576
26V308000,HYUNDAI,ELANTRA HYBRID,2026,ELECTRICAL_BATTERY,2026-05,미탐지,,,54337
